name,sku,attribute_set,type,weight,model_no,working_width_inches,manufacture_part_number,item_type,main_category,alternate_category,category_ids,equipment_type,manufacturer_name,power_type,portable_or_stationary,heating_type,diameter_inches,gpm,psi,water_flow_rate_gpm,max_temperature,ship_weight_lbs,maximum_rpm,pump,electrical,cc,amps,start,phase,load_capacity_lbs,engine,hp,pump_rpm,water_tank_gallons,voltage,axle,equipment_video_url,btu,burner,item_customizable,wty_type1,wty_type2,wty_type3,wty_type4,wty_type5,wty_type6,wty_type7,wty_type8,wty_type9,wty_type10,wty_type11,discount_1,discount_2,discount_3,discount_4,product_brochure_url,accessory_one_customize_item,accessory_two_customize_item,accessory_three_customize_item,accessory_four_customize_item,accessory_five_customize_item,accessory_six_customize_item,accessory_seven_customize_item,accessory_eight_customize_item,accessory_nine_customize_item,accessory_ten_customize_item,accessory_elvn_customize_item,accessory_one_item_part,accessory_two_item_part,accessory_three_item_part,accessory_four_item_part,accessory_five_item_part,accessory_six_item_part,accessory_seven_item_part,accessory_eight_item_part,accessory_nine_item_part,accessory_ten_item_part,accessory_elvn_item_part,test,price,short_description,description,qty,status,is_in_stock,visibility,image,small_image,thumbnail,media_gallery,detailed_item_type,dimensions,weight_including_battery,vacuum_motor,battery,moisture_recovery_rate,dust_bag,max_area_perform,brush_rotation_speed,wheels,wheels_front,wheels_back,working_speed,motor_rating,noise_level,power_cable,waterlift_rating,electric_rating,hand_tube,power_rating_fan_pump,waste_container,battery_capacity,air_flow_rating,charger_voltage,brush_contact_pressure,construction,run_time,climbing_ability,battery_charge_time,sweeping_method,brush_rotate_speed_disc_roller,motor,operate_time_carpet_hard_surf,power_supply,brush_cont_press_disc_roller,heater,hose_length_diameter,tank_fresh_dirty,practical_area_performance,filtration_system,solution_flow,spray_pressure_back_pressure,vacuum_working_width,spray_rate,solution_capacity,pad_rotation_speed,optional_brushes,drive,brush_diameter,container_capacity,pad_working_width,brushes,working_width_two_side_brooms,fan_speed_levels,pad_diameter,steam_temp_pressure
BDS 43/175 C,KE98404690,default,simple,105 lbs,BDS 43/175 C,,9.840-469.0,Equipment,Floor Care & General Equipment,,"5, 32",Commercial Floor Care,,,,,,,,,,,,,,,,,,,,,,,,,http://youtu.be/f1qgsByhIRE,,,,1,1,1,0,0,0,0,0,0,0,0,1,1,1,0,https://drive.google.com/file/d/0B1jYJotztiSgQWZ5c1JwNktsbUk/edit?usp=sharing,,,,,,,,,,,,,,,,,,,,,,,,"$1,475.98",,,1000,1,1,4,BDS 43-175 C Updated.jpg,BDS 43-175 C Updated.jpg,BDS 43-175 C Updated.jpg,,Single Disc,23” x 18” x 47”,,,,,,,,"Two, 5” x 1.25” non-marking",,,,,,,,"115 V, 60 Hz",1.5” (4 cm) cold rolled steel and non-marking PVC grips,,,,,,,Die cast aluminum base and handle housing,,,,,,1.5 hp single speed,,,,,,,,,,,,,,175 rpm,"Nylon, Polypropylene, Mild & Aggressive Grit",,,,,,,,17”,
BDS 51/175 C,KE98404710,default,simple,105 lbs,BDS 51/175 C,,9.840-471.0,Equipment,Floor Care & General Equipment,,"5, 32",Commercial Floor Care,,,,,,,,,,,,,,,,,,,,,,,,,http://youtu.be/f1qgsByhIRE,,,,1,1,1,0,0,0,0,0,0,0,0,1,1,1,0,https://drive.google.com/file/d/0B1jYJotztiSgQWZ5c1JwNktsbUk/edit?usp=sharing,,,,,,,,,,,,,,,,,,,,,,,,"$1,540.57",,,1000,1,1,4,BDS 43-175 C Updated.jpg,BDS 43-175 C Updated.jpg,BDS 43-175 C Updated.jpg,,Single Disc,23” x 18” x 47”,,,,,,,,"Two, 5” x 1.25” non-marking",,,,,,,,"115 V, 60 Hz",1.5” (4 cm) cold rolled steel and non-marking PVC grips,,,,,,,Die cast aluminum base and handle housing,,,,,,1.5 hp single speed,,,,,,,,,,,,,,175 rpm,"Nylon, Polypropylene, Mild & Aggressive Grit",,,,,,,,20”,
BDS 51/175-300 C,KE98404720,default,simple,105 lbs,BDS 51/175-300 C,,9.840-472.0,Equipment,Floor Care & General Equipment,,"5, 32",Commercial Floor Care,,,,,,,,,,,,,,,,,,,,,,,,,http://youtu.be/f1qgsByhIRE,,,,1,1,1,0,0,0,0,0,0,0,0,1,1,1,0,https://drive.google.com/file/d/0B1jYJotztiSgQWZ5c1JwNktsbUk/edit?usp=sharing,,,,,,,,,,,,,,,,,,,,,,,,"$1,754.52",,,1000,1,1,4,BDS 43-175 C Updated.jpg,BDS 43-175 C Updated.jpg,BDS 43-175 C Updated.jpg,,Single Disc,24.5” x 21” x 47”,,,,,,,,"Two, 5” x 1.25” non-marking",,,,,,,,"115 V, 60 Hz",1.5” (4 cm) cold rolled steel and non-marking PVC grips,,,,,,,Die cast aluminum base and handle housing,,,,,,"1.75 hp (1305 watt), DC enclosed PM motor",,,,,,,,,,,,,,175-300 rpm,"Nylon, Polypropylene, Mild & Aggressive Grit",,,,,,,,20”,
BDP 51/1500 C,KE98404700,default,simple,92 lbs (41.5 kg),BDP 51/1500 C,,9.840-470.0,Equipment,Floor Care & General Equipment,,"5, 32",Commercial Floor Care,,,,,,,,,,,,,,,,,,,,,,,,,http://youtu.be/f1qgsByhIRE,,,,1,1,1,0,0,0,0,0,0,0,0,1,1,1,0,https://drive.google.com/file/d/0B1jYJotztiSgWHZQNll0RXNxSTQ/edit?usp=sharing,,,,,,,,,,,,,,,,,,,,,,,,"$1,733.06",,,1000,1,1,4,BDP 51-2000 C.jpg,BDP 51-2000 C.jpg,BDP 51-2000 C.jpg,,Single Disc,16.5” x 13” x 43.5”,,,,,,,,"Four, 5” x 1.25” non-marking",,,,,,,,"115 V, 60 Hz",1.5” (4 cm) cold rolled steel and non-marking PVC grips,,,,,,,Die cast aluminum base and handle housing,,,,,,"1.75 hp (1305 watt), DC enclosed PM motor",,,,,,,,,,,,,,1500 rpm,"Nylon, Polypropylene, Mild & Aggressive Grit",,,,,,,,20”,
BDP 51/2000 C,KE98404680,default,simple,81 lbs (37 kg),BDP 51/2000 C,,9.840-468.0,Equipment,Floor Care & General Equipment,,"5, 32",Commercial Floor Care,,,,,,,,,,,,,,,,,,,,,,,,,http://youtu.be/f1qgsByhIRE,,,,1,1,1,0,0,0,0,0,0,0,0,1,1,1,0,https://drive.google.com/file/d/0B1jYJotztiSgWHZQNll0RXNxSTQ/edit?usp=sharing,,,,,,,,,,,,,,,,,,,,,,,,"$1,786.71",,,1000,1,1,4,BDP 51-2000 C.jpg,BDP 51-2000 C.jpg,BDP 51-2000 C.jpg,,Single Disc,21.5” x 17” x 46.5”,,,,,,,,"Four, 5” x 1.25” non-marking",,,,,,,,"115 V, 60 Hz",1.5” (4 cm) cold rolled steel and non-marking PVC grips,,,,,,,Die cast aluminum base and handle housing,,,,,,1.5 hp single speed,,,,,,,,,,,,,,2000 rpm,"Nylon, Polypropylene, Mild & Aggressive Grit",,,,,,,,20”,
BDS 43/Duo C,KE98412360,default,simple,102 lbs,BDS 43/Duo C,17”-21” inches,9.841-236.0,Equipment,Floor Care & General Equipment,,"5, 32",Commercial Floor Care,,,,,,,,,,,,,,,,,,,,,,,,,http://youtu.be/f1qgsByhIRE?list=UUb49W-MIH6TeripMLQHzI5Q,,,,1,1,1,0,0,0,0,0,0,0,0,1,1,1,0,https://drive.google.com/file/d/0B1jYJotztiSgUXI5REk5djdMdDg/edit?usp=sharing,,,,,,,,,,,,,,,,,,,,,,,,"$4,452.74",,,1000,1,1,4,BDS 43 Duo C.jpg,BDS 43 Duo C.jpg,BDS 43 Duo C.jpg,BDS 43-Duo C Storage Updated-01.jpg;BDS 43-Duo C Office Using Brush.png;BDS 43-Duo C Head Close-Up.png;BDS 43-Duo C Hard Surface.png;BDS 43-Duo C Carpet Using Brush.jpg;BDS 43-Duo C Pad Rotation.png,Single Disc,56 x 30 x 50 inches,,,,,,3000 (carpet) / 7500 (hard floor) ft2/h,80 rpm,,,,,,59 dBA,,,,,,,,,,,,,,,,,110/60 VAC/Hz,,,,,,3 gallon,,,,,,,,"1725 rpm vibration (CW), 3/8” dia, 80 rpm rotation (CW) 10”",,,,,,,,,,
BDS 43/Duo C Classic (without solution tank),KE98412370,default,simple,82 lbs,BDS 43/Duo C Classic (without solution tank),17”-21” inches,9.841-237.0,Equipment,Floor Care & General Equipment,,"5, 32",Commercial Floor Care,,,,,,,,,,,,,,,,,,,,,,,,,http://youtu.be/f1qgsByhIRE?list=UUb49W-MIH6TeripMLQHzI5Q,,,,1,1,1,0,0,0,0,0,0,0,0,1,1,1,0,https://drive.google.com/file/d/0B1jYJotztiSgUXI5REk5djdMdDg/edit?usp=sharing,,,,,,,,,,,,,,,,,,,,,,,,"$3,596.29",,,1000,1,1,4,BDS 43 Duo C Classic Main.jpg,BDS 43 Duo C Classic Main.jpg,BDS 43 Duo C Classic Main.jpg,BDS 43-Duo C Classic Storage.jpg;BDS 43-Duo C Classic Office Using Brush.jpg;BDS 43-Duo C Classic Carpet Using Brush.jpg;BDS 43-Duo C Classic Hard Surface.jpg;,Single Disc,56 x 30 x 50 inches,,,,,,3000 (carpet) / 7500 (hard floor) ft2/h,80 rpm,,,,,,59 dBA,,,,,,,,,,,,,,,,,110/60 VAC/Hz,,,,,,,,,,,,,,"1725 rpm vibration (CW), 3/8” dia, 80 rpm rotation (CW) 10”",,,,,,,,,,
B 60/10 eco Base,KE10067010,default,simple,44 lbs,B 60/10 eco Base,,1.006-701.0,Equipment,Floor Care & General Equipment,For Your Home,"4, 33",Commercial Floor Care,,,,,,,,,,,,,,,,,,,,,,,,,http://youtu.be/NoprNdWM4p0,,,,1,1,1,0,0,0,0,0,0,0,0,1,1,1,0,https://drive.google.com/file/d/0B1jYJotztiSgTkxmN3MzMllmWmc/edit?usp=sharing,,,,,,,,,,,,,,,,,,,,,,,,$999.00,,,1000,1,1,4,B 60-10 Hygenic Config.jpg,B 60-10 Hygenic Config.jpg,B 60-10 Hygenic Config.jpg,B 60-10 eco Squeegee Close.jpg;B 60-10 eco Squeegee Close 2.jpg;B 60-10 eco Squeegee Close 3.jpg;B 60-10 eco Fluid Close.jpg;B 60-10 eco Gray Water Close.jpg,Micro Scrubbers & Small Area,33” x 21” x 44”,,,,,,"15,840 ft2/h",,,,,,,52 dBa,,,,,,,,,,,,,,,,,,,,,,,2 / 2.5 gallons,,,,,25”,,,,,,,,24”,,,,,
"B 60/10 eco 24"" automop hygiene configuration",KE10067060,default,simple,44 lbs,"B 60/10 eco 24"" automop hygiene configuration",,1.006-706.0,Equipment,Floor Care & General Equipment,For Your Home,"4, 33",Commercial Floor Care,,,,,,,,,,,,,,,,,,,,,,,,,http://youtu.be/NoprNdWM4p0,,,,1,1,1,0,0,0,0,0,0,0,0,1,1,1,0,https://drive.google.com/file/d/0B1jYJotztiSgTkxmN3MzMllmWmc/edit?usp=sharing,,,,,,,,,,,,,,,,,,,,,,,,"$1,199.00",,,1000,1,1,4,B 60-10 Hygenic Config.jpg,B 60-10 Hygenic Config.jpg,B 60-10 Hygenic Config.jpg,B 60-10 Hygiene Configuration Breakdown 602 x 700.jpg;B 60-10 eco Squeegee Close (1).jpg;B 60-10 eco Squeegee Close 2 (1).jpg;B 60-10 eco Squeegee Close 3 (1).jpg;B 60-10 eco Fluid Close (1).jpg;B 60-10 eco Gray Water Close (1).jpg,Micro Scrubbers & Small Area,33” x 21” x 44”,,,,,,"15,840 ft2/h",,,,,,,52 dBa,,,,,,,,,,,,,,,,,,,,,,,2 / 2.5 gallons,,,,,25”,,,,,,,,24”,,,,,
"B 60/10 eco 24"" automop productivity configuration",KE10067070,default,simple,44 lbs,"B 60/10 eco 24"" automop productivity configuration",,1.006-707.0,Equipment,Floor Care & General Equipment,For Your Home,"4, 33",Commercial Floor Care,,,,,,,,,,,,,,,,,,,,,,,,,http://youtu.be/NoprNdWM4p0,,,,1,1,1,0,0,0,0,0,0,0,0,1,1,1,0,https://drive.google.com/file/d/0B1jYJotztiSgTkxmN3MzMllmWmc/edit?usp=sharing,,,,,,,,,,,,,,,,,,,,,,,,"$1,399.00",,,1000,1,1,4,B 60-10 Productivity Config.jpg,B 60-10 Productivity Config.jpg,B 60-10 Productivity Config.jpg,B 60-10 Productivity Configuration Breakdown.jpg;B 60-10 eco Squeegee Close (2).jpg;B 60-10 eco Squeegee Close 2 (2).jpg;B 60-10 eco Squeegee Close 3 (2).jpg;B 60-10 eco Fluid Close (2).jpg;B 60-10 eco Gray Water Close (2).jpg,Micro Scrubbers & Small Area,33” x 21” x 44”,,,,,,"15,840 ft2/h",,,,,,,52 dBa,,,,,,,,,,,,,,,,,,,,,,,2 / 2.5 gallons,,,,,25”,,,,,,,,24”,,,,,
"B 60/10 eco 24"" automop detail configuration",KE10067080,default,simple,44 lbs,"B 60/10 eco 24"" automop detail configuration",,1.006-708.0,Equipment,Floor Care & General Equipment,For Your Home,"4, 33",Commercial Floor Care,,,,,,,,,,,,,,,,,,,,,,,,,http://youtu.be/NoprNdWM4p0,,,,1,1,1,0,0,0,0,0,0,0,0,1,1,1,0,https://drive.google.com/file/d/0B1jYJotztiSgTkxmN3MzMllmWmc/edit?usp=sharing,,,,,,,,,,,,,,,,,,,,,,,,"$1,459.00",,,1000,1,1,4,B 60-10 eco detail config.jpg,B 60-10 eco detail config.jpg,B 60-10 eco detail config.jpg,B 60-10 eco Detail Configuration Breakdown 602 X 700.jpg;B 60-10 eco Squeegee Close (2).jpg;B 60-10 eco Squeegee Close 2 (2).jpg;B 60-10 eco Squeegee Close 3 (2).jpg;B 60-10 eco Fluid Close (2).jpg;B 60-10 eco Gray Water Close (2).jpg,Micro Scrubbers & Small Area,33” x 21” x 44”,,,,,,"15,840 ft2/h",,,,,,,52 dBa,,,,,,,,,,,,,,,,,,,,,,,2 / 2.5 gallons,,,,,25”,,,,,,,,24”,,,,,
BRS 40/1000 C,KE17833320,default,simple,,BRS 40/1000 C,16” inches,1.783-332.0,Equipment,Floor Care & General Equipment,For Your Home,"4, 33",Commercial Floor Care,,,,,,,,,,,,,,,,,,,,,,,,,http://youtu.be/REOZflqN2kM,,,,1,1,1,0,0,0,0,0,0,0,0,1,1,1,0,https://drive.google.com/file/d/0B1jYJotztiSgYkZNNkNpazc0a1k/edit?usp=sharing,,,,,,,,,,,,,,,,,,,,,,,,"$1,922.24",,,1000,1,1,4,BRS 40-1000 Main.jpg,BRS 40-1000 Main.jpg,BRS 40-1000 Main.jpg,BRS 40-1000 Bottom Picture.jpg;BRS 40-1000 C Operating 2.jpg;BRS 40-1000 C Operating.jpg,Micro Scrubbers & Small Area,20” x 18” x 47”,,,,,,"4,306 ft2 / hr",,,,,,1100 watts,73 dBA,24 Foot,,,,,,,,,,,,,,,,,,"115 V, 60 Hz",,,,,,,,,,,2.5 gallons,650 rpm,,,,,,"Two 16""- Cylindrical",,,,
BR 40/10 C Adv,KE17833120,default,simple,66 lbs (30 kg),BR 40/10 C Adv,16” inches,1.783-312.0,Equipment,Floor Care & General Equipment,,"5, 32",Commercial Floor Care,,,,,,,,,,,,,,,,,,,,,,,,,http://youtu.be/IcOWofNl0K8,,,,1,1,1,0,0,0,0,0,0,0,0,1,1,1,0,https://drive.google.com/file/d/0B1jYJotztiSgSzFQQ3JYaGtRNVk/edit?usp=sharing,,,,,,,,,,,,,,,,,,,,,,,,"$3,340.23",,,1000,1,1,4,BR 40-10 Main.jpg,BR 40-10 Main.jpg,BR 40-10 Main.jpg,BR 40-10 Brushes.jpg;BR 40-10 C Adv Showroom.jpg;BR 40-10 C Adv Restaurant.jpg;BR 40-10 C Adv Pool.jpg,Micro Scrubbers & Small Area,20.5” x 18.5” x 47”,,.6 hp (500 W),,,,4300 ft2 / hr,650 rpm,,,,,,71 dBA,50‘,,,,,,,,,,,,,,,,,,,1.4 - 2.8 psi / 44 lbs - 88lbs,,,,,,.25-.3 gallons / min,,,,,,,,3.7” (96 mm),,,"Two 16""- Cylindrical",,,,
BR 30/4 C,KE17832210,default,simple,24 lbs,BR 30/4 C,12” inches,1.783-221.0,Equipment,Floor Care & General Equipment,For Your Home,"4, 33",Commercial Floor Care,,,,,,,,,,,,,,,,,,,,,,,,,http://youtu.be/NFpV_2QCiBM,,,,1,1,1,0,0,0,0,0,0,0,0,1,1,1,0,https://drive.google.com/file/d/0B1jYJotztiSgdU0xZk5uZF9TSHM/edit?usp=sharing,,,,,,,,,,,,,,,,,,,,,,,,"$1,577.39",,,1000,1,1,4,BR 30-4 Grey.jpg,BR 30-4 Grey.jpg,BR 30-4 Grey.jpg,BR 30-4 C Bottom.jpg;BR 30-4 C Solution Tank.jpg;BR 30-4 C Solution Tank.jpg;BR 30-4 C Kitchen.jpg,Micro Scrubbers & Small Area,15.4“ x 13“ x 46.5“,,1.1 hp (850 W),,,,"2,150 f2 (200 m2/h)",1550 rpm,,,,,1.1 hp (850 W),71 dBA,32.8‘,,,,,,,,,,,,,,,,,,,1.4 psi (100 g/cm2) / 16.5 lbs,,,1 gallon,,,.25-.3 gallons / min,,12”,,,,,,,,,"One, 12”- Cylindrical 2.4”",,,,
BR 35/12 C Bp,KE17834540,default,simple,77 lbs,BR 35/12 C Bp,14” inches,1.783-454.0,Equipment,Floor Care & General Equipment,,"5, 32",Commercial Floor Care,,,,,,,,,,,,,,,,,,,,,,,,,http://youtu.be/f1qgsByhIRE?list=UUb49W-MIH6TeripMLQHzI5Q,,,,1,1,1,0,0,0,0,0,0,0,0,1,1,1,0,https://drive.google.com/file/d/0B1jYJotztiSgU1plTzdaSU1mbzQ/edit?usp=sharing,,,,,,,,,,,,,,,,,,,,,,,,"$4,299.00",,,1000,1,1,4,BR 35-12 C Bp.jpg,BR 35-12 C Bp.jpg,BR 35-12 C Bp.jpg,BR 35-12 C Multiple Pic.jpg;BR 35-12 C Manuver Back.jpg;BR 35-12 C Manuver Left.jpg;BR 35-12 C Working Pic 2.jpg,Micro Scrubbers & Small Area,39” x 18” x 51”,77 lbs,,,,,"15,069 ft2/h","700 –1,500 rpm",,,,,,65 dBA,,,,,,,,,,,,66-90,,"1 (50%), 3 (100%) hours",,,,,,,,,3.2/3.2 gallons,,,,,"18""",,,,,,,,,,,,,
BD 40/12 C Bp,KE98412270,default,simple,141 lbs,BD 40/12 C Bp,15” inches,9.841-227.0,Equipment,Floor Care & General Equipment,,"5, 32",Commercial Floor Care,,,,,,,,,,,,,,,,,,,,,,,,,http://youtu.be/f1qgsByhIRE?list=UUb49W-MIH6TeripMLQHzI5Q,,,,1,1,1,0,0,0,0,0,0,0,0,1,1,1,0,https://drive.google.com/file/d/0B1jYJotztiSgVFFpMG9Pc01xanM/edit?usp=sharing,,,,,,,,,,,,,,,,,,,,,,,,"$3,599.00",,,1000,1,1,4,BD 40-12 Bp.jpg,BD 40-12 Bp.jpg,BD 40-12 Bp.jpg,BD 40-12 C Bp Control Close.jpg;BD 40-12 C Bp Head Close.jpg;BD 40-12 C Bp Transported.jpg;BD 40-12 C Bp General Store.jpg;BD 40-12 C Bp Gym.jpg,Micro Scrubbers & Small Area,30 x 15 x 22 inches,,,,,,,150 rpm,,,,,,,,,,,,,24 / 25 V/Ah,,220-240 / 50-60 V/Hz,,,,,,,,,,,,,,3/3 gallons,"8,880 ft2/h",,,,"18""",,,,,,,,,,,,,
BD 530 Bp Classic,KE11273810,default,simple,121 lbs (55 kg),BD 530 Bp Classic,18” inches,1.127-381.0,Equipment,Floor Care & General Equipment,,"5, 32",Commercial Floor Care,,,,,,,,,,,,,,,,,,,,,,,,,http://youtu.be/f1qgsByhIRE?list=UUb49W-MIH6TeripMLQHzI5Q,,,,1,1,1,0,0,0,0,0,0,0,0,1,1,1,0,https://drive.google.com/file/d/0B1jYJotztiSgTzVoVktIYlp1V1U/edit?usp=sharing,,,,,,,,,,,,,,,,,,,,,,,,"$3,478.20",,,1000,1,1,4,BD 530 Grey.jpg,BD 530 Grey.jpg,BD 530 Grey.jpg,BD 530 Simple Controls.jpg;BD 530 Batteries.jpg,Walk-Behind Scrubbers,49.5” x 22” x 42”,,,24 V,,,,140 rpm,,,,,600 W,70 dBA,,,,,,,,,,.4 psi / 94.7 lbs,,,,,,,,,,,,,10.5 gallon,"13,670 ft2/hr",,,,33.5”,,,,,,,,,,,,,
BR 530 Bp Classic,KE11273630,default,simple,121 lbs (55 kg),BR 530 Bp Classic,18” inches,1.127-363.0,Equipment,Floor Care & General Equipment,,"5, 32",Commercial Floor Care,,,,,,,,,,,,,,,,,,,,,,,,,http://youtu.be/zPmtulV6_rE,,,,1,1,1,0,0,0,0,0,0,0,0,1,1,1,0,https://drive.google.com/file/d/0B1jYJotztiSgTzVoVktIYlp1V1U/edit?usp=sharing,,,,,,,,,,,,,,,,,,,,,,,,"$3,478.20",,,1000,1,1,4,BR 530 Grey.jpg,BR 530 Grey.jpg,BR 530 Grey.jpg,BD 530 Simple Controls (1).jpg;BD 530 Batteries (2).jpg,Walk-Behind Scrubbers,49.5” x 22” x 42”,,,24 V,,,"19,805 ft2/hr","1,500 rpm",,,,,600 W,70 dBA,,,,,,,,,,3.4 psi (240 g/cm2) / 61.5 lbs x 2,,,,,,,,,,,,,10.5 gallon,"13,670 ft2/hr",,,,33.5”,,,,,,,,,,,,,
BR 40/25 C Bp,KE98410920,default,simple,176 lbs,BR 40/25 C Bp,18” inches,9.841-092.0,Equipment,Floor Care & General Equipment,,"5, 32",Commercial Floor Care,,,,,,,,,,,,,,,,,,,,,,,,,http://youtu.be/vw2aI5WRjsE,,,,1,1,1,0,0,0,0,0,0,0,0,1,1,1,0,https://drive.google.com/file/d/0B1jYJotztiSgZ0RIOHNJeW9XT1E/edit?usp=sharing,,,,,,,,,,,,,,,,,,,,,,,,"5,493.30",,,1000,1,1,4,BR 40-25 Cylin Main.jpg,BR 40-25 Cylin Main.jpg,BR 40-25 Cylin Main.jpg,BR 40-25 Control Panel.jpg;BR 40-25 Car Showroom.jpg,Walk-Behind Scrubbers,"45.5"" x 25"" x 44""",,,24 V,,,"19,375 ft2/hr","1,500 rpm",,,,,"1,200 W",70 dBA,,,,,,,,,,,,,,,,,,,,,,,10.5 gallon,"11,625 ft2/hr",,,,33.5”,,,,,,,,,,,,,
BD 40/25 C Bp,KE98410940,default,simple,187 lbs,BD 40/25 C Bp,22” inches,9.841-094.0,Equipment,Floor Care & General Equipment,,"5, 32",Commercial Floor Care,,,,,,,,,,,,,,,,,,,,,,,,,http://youtu.be/vw2aI5WRjsE,,,,1,1,1,0,0,0,0,0,0,0,0,1,1,1,0,https://drive.google.com/file/d/0B1jYJotztiSgZ0RIOHNJeW9XT1E/edit?usp=sharing,,,,,,,,,,,,,,,,,,,,,,,,"$5,501.88",,,1000,1,1,4,BR 40-25 Disc Main.jpg,BR 40-25 Disc Main.jpg,BR 40-25 Disc Main.jpg,BR 40-25 Control Panel.jpg;BR 40-25 Car Showroom.jpg,Walk-Behind Scrubbers,"45.5"" x 25"" x 44""",,,24 V,,,"23,680 ft2/h",140 rpm,,,,,"1,200 W",70 dBA,,,,,,,,,,,,,,,,,,,,,,,10.5 gallon,"14,200 ft2/hr",,,,33.5”,,,,,,,,,,,,,
B 40 C/W Bp Non-Traction Drive,KE98411200,default,simple,370 lbs,B 40 C/W Bp Non-Traction Drive,17”-22” inches,9.841-120.0,Equipment,Floor Care & General Equipment,,"5, 32",Commercial Floor Care,,,,,,,,,,,,,,,,,,,,,,,,,http://youtu.be/f1qgsByhIRE,,,,1,1,1,0,0,0,0,0,0,0,0,1,1,1,0,https://drive.google.com/file/d/0B1jYJotztiSgRWJJTUk2OHBaZlk/edit?usp=sharing,,,,,,,,,,,,,,,,,,,,,,,,"$4,325.00",,,1000,1,1,4,B 40 Cylindrical 602 X 700.jpg,B 40 Cylindrical 602 X 700.jpg,B 40 Cylindrical 602 X 700.jpg,B 40 Rear 602 X 700.jpg;B 40 Control 602 X 700.jpg;B 40 C-W Bp Configurations 602 X 700.jpg;B 40 C-W Bp Classroom 602 X 700-01.jpg,Walk-Behind Scrubbers,49”×22.6”×45”,,,,,,"18,300 - 23,680",,,,,,,,,,,,,,,,,,,,,,,"180 RPM(D) 1,200 RPM (R)",,,,,,,10.6/10.6 gallon,,,.68 gal/min,,33.5”,,,,,,,,,,,,,
B 40 C/W Bp With Traction Drive,KE98411220,default,simple,370 lbs,B 40 C/W Bp With Traction Drive,17”-22” inches,9.841-122.0,Equipment,Floor Care & General Equipment,,"5, 32",Commercial Floor Care,,,,,,,,,,,,,,,,,,,,,,,,,http://youtu.be/f1qgsByhIRE,,,,1,1,1,0,0,0,0,0,0,0,0,1,1,1,0,https://drive.google.com/file/d/0B1jYJotztiSgRWJJTUk2OHBaZlk/edit?usp=sharing,,,,,,,,,,,,,,,,,,,,,,,,"$5,779.00",,,1000,1,1,4,B 40 Cylindrical 602 X 700.jpg,B 40 Cylindrical 602 X 700.jpg,B 40 Cylindrical 602 X 700.jpg,B 40 Rear 602 X 700 (1).jpg;B 40 Control 602 X 700 (1).jpg;B 40 C-W Bp Configurations 602 X 700 (1).jpg;B 40 C-W Bp Classroom 602 X 700-01 (1).jpg,Walk-Behind Scrubbers,49”×22.6”×45”,,,,,,"18,300 - 23,680",,,,,,,,,,,,,,,,,,,,,,,"180 RPM(D) 1,200 RPM (R)",,,,,,,10.6/10.6 gallon,,,.68 gal/min,,33.5”,,,,,,,,,,,,,
B 60 W Bp,KE98411710,default,simple,254 lbs,B 60 W Bp,"22"" - 26"" inches",9.841-171.0,Equipment,Floor Care & General Equipment,,"5, 32",Commercial Floor Care,,,,,,,,,,,,,,,,,,,,,,,,,http://youtu.be/f1qgsByhIRE,,,,1,1,1,0,0,0,0,0,0,0,0,1,1,1,0,https://drive.google.com/file/d/0B1jYJotztiSgY2htZmd4UHA3R2c/edit?usp=sharing,,,,,,,,,,,,,,,,,,,,,,,,"$8,050.00",,,1000,1,1,4,B 60 Showroom Main Image 602 X 700.jpg,B 60 Showroom Main Image 602 X 700.jpg,B 60 Showroom Main Image 602 X 700.jpg,B 60 W Bp.jpg;B 60 Gym Pool 602 X 700-01.jpg;B 60 Warehouse.jpg;B 60 Office 602 X 700.jpg,Walk-Behind Scrubbers,"60"" x 29"" x 45""",,,,,,"23,680 - 27,986",,,,,,,,,,,,,,,,,,,,,,,180 RPM(D) 2000 RPM(R),,,,,,,16/16 gallons,,,1 gallon,,"33"" - 37""",,,,,,,,,,,,,
B 80 W Bp,KE98411970,default,simple,293 lbs,B 80 W Bp,26”-30” inches,9.841-197.0,Equipment,Floor Care & General Equipment,,"5, 32",Commercial Floor Care,,,,,,,,,,,,,,,,,,,,,,,,,http://youtu.be/7jRzk_I4dnE,,,,1,1,1,0,0,0,0,0,0,0,0,1,1,1,0,https://drive.google.com/file/d/0B1jYJotztiSgZU5sSDBtR3Bxd2s/edit?usp=sharing,,,,,,,,,,,,,,,,,,,,,,,,"$9,861.99",,,1000,1,1,4,B 80 Cyl Main 602 X 700.jpg,B 80 Cyl Main 602 X 700.jpg,B 80 Cyl Main 602 X 700.jpg,B 80 Disc Main.jpg;B 80 Disc Front.jpg;B 80 Controls.jpg;B 80 Batteries.jpg;B 80 Head Installation.jpg;B 80 Warehouse Use.jpg,Walk-Behind Scrubbers,"64"" x 32"" x 45",,,,,,"23,680 - 27,986",,,,,,,,,,,,,,,,,,,,,,,180 RPM(D) 2000 RPM(R),,,,,,,21/21 gallons,,,2 gallons,,"37"" inches",,,,,,,,,,,,,
B 90 R Adv Bp,KE11613080,default,simple,331 lbs,B 90 R Adv Bp,22” / 26” / 30”,1.161-308.0,Equipment,Floor Care & General Equipment,,"5, 32",Commercial Floor Care,,,,,,,,,,,,,,,,,,,,,,,,,http://youtu.be/LUqBrzJ5Nus,,,,1,1,1,0,0,0,0,0,0,0,0,1,1,1,0,https://drive.google.com/file/d/0B1jYJotztiSgTThFNmFUU2F0elk/edit?usp=sharing,,,,,,,,,,,,,,,,,,,,,,,,"$11,723.88",,,1000,1,1,4,B 90 Main Image.jpg,B 90 Main Image.jpg,B 90 Main Image.jpg,B90 Top View.jpg;B90Batteries_zps5fde1477.jpg;B 90 Controls.jpg;B 90 Batteries.jpg;B 90 Airport 602 X 700.jpg;B 90 Mall 602 X 700.jpg,Ride-On Scrubbers,"57"" x 32"" x 47""",,,24 V,,,"42,000 ft2/hr",,,,,,,,,,,,,,,,,,,,,,,180 RPM(D) 2000 RPM(R),,,,,,,24 /24 gallons,,,,,"37"" inches",,,,,,,,,,,,,
Puzzi 100,KE11001230,default,simple,22.7 lbs (10.3 kg),Puzzi 100,,1.100-123.0,Equipment,Floor Care & General Equipment,For Your Home,"4, 34",Extractors,,,,,,,,,,,,,,,,,,,,,,,,,http://youtu.be/f1qgsByhIRE,,,,1,1,1,0,0,0,0,0,0,0,0,1,1,1,0,https://drive.google.com/file/d/0B1jYJotztiSgOVdjN29NLXJDVlk/edit?usp=sharing,,,,,,,,,,,,,,,,,,,,,,,,$974.64,,,1000,1,1,4,Puzzi 100.jpg,Puzzi 100.jpg,Puzzi 100.jpg,Puzzi 100 Office.jpg;Puzzi 100 Transport.jpg,,26.2” x 12.6” x 17.1”,,"1.7 hp (1,250 W)",,,,215-270 ft2/hr,,,,,,,,,88”,,,"1,250 W / 40 W",,,114 cfm,,,,,,,,,,,,,,,2.6 gallon / 2.3 gallon,,,,14.5 psi,,.26 gallon,,,,,,,,,,,,
Puzzi 8/1 C,KE11002230,default,simple,19.8 lbs (9 kg),Puzzi 8/1 C,,1.100-223.0,Equipment,Floor Care & General Equipment,For Your Home,"4, 34",Extractors,,,,,,,,,,,,,,,,,,,,,,,,,http://youtu.be/f1qgsByhIRE,,,,1,1,1,0,0,0,0,0,0,0,0,1,1,1,0,https://drive.google.com/file/d/0B1jYJotztiSgTmlUTmp1VFFCdUk/edit?usp=sharing,,,,,,,,,,,,,,,,,,,,,,,,$709.92,,,1000,1,1,4,Puzzi 8-1 C Grey.jpg,Puzzi 8-1 C Grey.jpg,Puzzi 8-1 C Grey.jpg,Puzzi 8-1 C Transport.jpg,,20.8” x 13” x 17.3”,,"1.5 hp (1,100 W)",,Up to 96%*,,129 – 194 ft2/hr,,,,,,,71 dBA,,87”,,,"1,100 W / 40 W",,,115 cfm,,,,,,,,,,,,,,,2 gallon / 1.8 gallon,,,,14.5 psi,,.26 gallon,,,,,,,,,,,,
BRC 30/15 C,KE10080580,default,simple,75 lbs,BRC 30/15 C,10’’ inches,1.008-058.0,Equipment,Floor Care & General Equipment,,"5, 35",Extractors,,,,,,,,,,,,,,,,,,,,,,,,,http://youtu.be/7t4C0RN2sqo,,,,1,1,1,0,0,0,0,0,0,0,0,1,1,1,0,https://drive.google.com/file/d/0B1jYJotztiSgMFlnSXFHWHVLT2s/edit?usp=sharing,,,,,,,,,,,,,,,,,,,,,,,,"$1,758.00",,,1000,1,1,4,BRC 30-15 C Main.jpg,BRC 30-15 C Main.jpg,BRC 30-15 C Main.jpg,BRC 30-15 C Top View.jpg;BRC 30-15 C Cleaning View.jpg;BRC 30-15 C In Use.jpg,,36.3” x 14” x 30”,,"1.5 hp (1,100 W)",,,,,,,,,,80 W,73 dBA,,,,,,,,100” waterlift,,,,,,,,,,,,,,,4.6 gallon / 3.9 gallon,,,,,12.5”,,,,,,,,,,,,,
BRC 46/38 C,KE10080540,default,simple,94 lbs,BRC 46/38 C,18” inches,1.008-054.0,Equipment,Floor Care & General Equipment,,"5, 35",Extractors,,,,,,,,,,,,,,,,,,,,,,,,,http://youtu.be/7t4C0RN2sqo,,,,1,1,1,0,0,0,0,0,0,0,0,1,1,1,0,https://drive.google.com/file/d/0B1jYJotztiSgMFlnSXFHWHVLT2s/edit?usp=sharing,,,,,,,,,,,,,,,,,,,,,,,,"$3,643.73",,,1000,1,1,4,BRC 46-38 C Main.jpg,BRC 46-38 C Main.jpg,BRC 46-38 C Main.jpg,,,33” x 21” x 44”,,"3 stage, bypass, 1.5 hp",,,,,,,,,,250 W,75 lbs,,117”,,,,,,100 cfm,,,,,,,,,,,,,,,10/10 gallon,,,,,21”,,,,,,,,,,,,,
BRC 46/76 W,KE10086500,default,simple,120 lbs,BRC 46/76 W,18” inches,1.008-650.0,Equipment,Floor Care & General Equipment,,"5, 35",Extractors,,,,,,,,,,,,,,,,,,,,,,,,,http://youtu.be/7t4C0RN2sqo,,,,1,1,1,0,0,0,0,0,0,0,0,1,1,1,0,https://drive.google.com/file/d/0B1jYJotztiSgMFlnSXFHWHVLT2s/edit?usp=sharing,,,,,,,,,,,,,,,,,,,,,,,,"$7,281.75",,,1000,1,1,4,BRC 46-76 W Main.jpg,BRC 46-76 W Main.jpg,BRC 46-76 W Main.jpg,,,51” x 22” x 44”,,"3 stage, bypass, 1.5 hp",,,,,,,,,,250 W,75 lbs,,120”,,,,,,100 cfm,,,,,,,,,,,,,,,10/10 gallon,,,,,22”,,,,,,,,,,,,,
Puzzi 50/14,KE10066730,default,simple,134 lbs,Puzzi 50/14,,1.006-673.0,Equipment,Floor Care & General Equipment,,"5, 35",Extractors,,,,,,,,,,,,,,,,,,,,,,,,,http://youtu.be/f1qgsByhIRE,,,,1,1,1,0,0,0,0,0,0,0,0,1,1,1,0,https://drive.google.com/file/d/0B1jYJotztiSgMzVTaUtRZDBmV2s/edit?usp=sharing,,,,,,,,,,,,,,,,,,,,,,,,"$2,947.43",,,1000,1,1,4,Puzzi Main.jpg,Puzzi Main.jpg,Puzzi Main.jpg,Puzzi Rear.jpg;Puzzi W-hose and wand.jpg,,30.5” x 22” x 43.25”,,"Two, three stage",,,,,,,,,,,,2 cord,74”,,,,,,111 cfm,,,,,,,,,,,,,1850 W,,13 / 11 gallon,,,,,,,,,,,,,,,,,,
Puzzi 50/35,KE10066720,default,simple,115 lbs,Puzzi 50/35,,1.006-672.0,Equipment,Floor Care & General Equipment,,"5, 35",Extractors,,,,,,,,,,,,,,,,,,,,,,,,,http://youtu.be/f1qgsByhIRE,,,,1,1,1,0,0,0,0,0,0,0,0,1,1,1,0,https://drive.google.com/file/d/0B1jYJotztiSgMzVTaUtRZDBmV2s/edit?usp=sharing,,,,,,,,,,,,,,,,,,,,,,,,"$3,099.74",,,1000,1,1,4,Puzzi Main.jpg,Puzzi Main.jpg,Puzzi Main.jpg,Puzzi Rear.jpg;Puzzi W-hose and wand.jpg,,30.5” x 22” x 43.25”,,"One, three stage",,,,,,,,,,,,1 cord,107”,,,,,,73 cfm,,,,,,,,,,,,,,,13 / 11 gallon,,,,,,,,,,,,,,,,,,
Puzzi 64/35,KE10066740,default,simple,139 lbs,Puzzi 64/35,,1.006-674.0,Equipment,Floor Care & General Equipment,,"5, 35",Extractors,,,,,,,,,,,,,,,,,,,,,,,,,http://youtu.be/f1qgsByhIRE,,,,1,1,1,0,0,0,0,0,0,0,0,1,1,1,0,https://drive.google.com/file/d/0B1jYJotztiSgMzVTaUtRZDBmV2s/edit?usp=sharing,,,,,,,,,,,,,,,,,,,,,,,,"$3,935.33",,,1000,1,1,4,Puzzi Main.jpg,Puzzi Main.jpg,Puzzi Main.jpg,Puzzi Rear.jpg;Puzzi W-hose and wand.jpg,,30.5” x 22” x 43.25”,,"Two, three stage",,,,,,,,,,,,2 cord,74”,,,,,,111 cfm,,,,,,,,,,,,,1850 W,,17 / 14 gallon,,,,,,,,,,,,,,,,,,
DE 4002,KE10928010,default,simple,17 lbs,DE 4002,,1.092-801.0,Equipment,Floor Care & General Equipment,For Your Home,4,Steamer/Sanitizer,,,,,,,,,,,,,,,,,,,,,,,110 V,,http://youtu.be/f1qgsByhIRE,,,,1,1,1,0,0,0,0,0,0,0,0,1,1,1,0,https://drive.google.com/file/d/0B1jYJotztiSgV21ZUGZBdzZYOGs/edit?usp=sharing,,,,,,,,,,,,,,,,,,,,,,,,"$1,456.46",,,1000,1,1,4,DE 4002 Main.jpg,DE 4002 Main.jpg,DE 4002 Main.jpg,DE 4002 Different views w-accs.jpg;DE 4002 Kitchen Application.jpg,,18” x 12” x 10.4”,,,,,,,,,,,,,,24.5”,,,,,,,,,,,,,,,,,,,,,,,,,,,,,.63 gallon,,,,,,,,,,,248 Degrees/3.2 Bar
AB 84 CUL,KE10040530,default,simple,39 lbs (17.6 kg),AB 84 CUL,,1.004-053.0,Equipment,Floor Care & General Equipment,For Your Home,4,Air Mover,,,,,,,,,,,,,,,,,,,,,,,,,http://youtu.be/f1qgsByhIRE,,,,1,1,1,0,0,0,0,0,0,0,0,1,1,1,0,https://drive.google.com/file/d/0B1jYJotztiSgOFpLMXM4enlyUGs/edit?usp=sharing,,,,,,,,,,,,,,,,,,,,,,,,$327.11,,,1000,1,1,4,AB 84 CUL Main 600 x 702.jpg,AB 84 CUL Main 600 x 702.jpg,AB 84 CUL Main 600 x 702.jpg,AB 84 CUL 600 x 702.jpg;AB 84 CUL Switch 600 x 702-01.jpg;AB 84 CUL Transport 600 x 702-01.jpg;AB 84 CUL Stairs 600 x 702-01.jpg,,22.8” x 16” x 10.4”,,,,,,,,,,,,,,25',,,,,,,,,,,,,,,,,,,,,,,,,,,,,,56 m3/min / 70 m3/min / 84 m3/min,,,,,,,,1050 rpm / 1350 rpm / 1600 rpm,,
EB 30/1,KE15451210,default,simple,5 lbs (2.3 kg),EB 30/1,12” inches,1.545-121.0,Equipment,Floor Care & General Equipment,For Your Home,"4, 27",Sweepers,,,,,,,,,,,,,,,,,,,,,,,,,http://youtu.be/qluLfPRSpoA,,,,1,1,1,0,0,0,0,0,0,0,0,1,1,1,0,https://drive.google.com/file/d/0B1jYJotztiSgZGhHeXROblFOZkk/edit?usp=sharing,,,,,,,,,,,,,,,,,,,,,,,,$178.16,,,1000,1,1,4,EB 30-1.jpg,EB 30-1.jpg,EB 30-1.jpg,EB 30-1 Brush removal.jpg;EB 30-1 Tray removal.jpg;EB 30-1 Battery removal.jpg;EB 30-1 Business.jpg;EB 30-1 Concession stand.jpg;EB 30-1 Stairs.jpg,Walk-Behind Sweeper,9.8” x 11.8” x 43.3”,,,,,,,,,,,,,56 dBa,,,,,,,,,,,,,,12 hr,,,,30 min / 45 min 12 hrs,,,,,,,,,,,,,,,,,.26 gallon,,,,,,
KM 70/20 C,KE15171060,default,simple,51 lbs (23 kg),KM 70/20 C,18.8” inches,1.517-106.0,Equipment,Floor Care & General Equipment,For Your Home,"4, 27",Sweepers,,,,,,,,,,,,,,,,,,,,,,,,,http://youtu.be/08Mj39MUv8I,,,,1,1,1,0,0,0,0,0,0,0,0,1,1,1,0,https://drive.google.com/file/d/0B1jYJotztiSgUENMcUF1Y0pqTjQ/edit?usp=sharing,,,,,,,,,,,,,,,,,,,,,,,,$898.38,,,1000,1,1,4,KM 70-20.jpg,KM 70-20.jpg,KM 70-20.jpg,KM 70-20 Brush Pressure.jpg;KM 70-20 Main Brush.jpg;KM 70-20 Sidewalk Dual Side Broom.jpg;KM 70-20 Farm.jpg,Walk-Behind Sweeper,51.2” x 30.14” x 40.7”,,,,,,"30,000 ft2 / hr",,,,,,,,,,,,,11 gallon / 1.5 cubic ft,,,,,,,,,Direct throw,,,,,,,,,,,,,,,,,,manual,,,,,28”,,,
KM 70/20 C With Two Side Brushes,KE15171070,default,simple,57 lbs,KM 70/20 C With Two Side Brushes,18.8” inches,1.517-107.0,Equipment,Floor Care & General Equipment,For Your Home,"4, 27",Sweepers,,,,,,,,,,,,,,,,,,,,,,,,,http://youtu.be/08Mj39MUv8I,,,,1,1,1,0,0,0,0,0,0,0,0,1,1,1,0,https://drive.google.com/file/d/0B1jYJotztiSgUENMcUF1Y0pqTjQ/edit?usp=sharing,,,,,,,,,,,,,,,,,,,,,,,,$898.38,,,1000,1,1,4,KM 70-20.jpg,KM 70-20.jpg,KM 70-20.jpg,KM 70-20 Sidewalk Dual Side Broom (1).jpg;KM 70-20 Storage.jpg;KM 70-20 Under view.jpg;KM 70-20 Brush Pressure (1).jpg,Walk-Behind Sweeper,51.2” x 37.8” x 40.7”,,,,,,"39,600 ft2 / hr",,,,,,,,,,,,,11 gallon / 1.5 cubic ft,,,,,,,,,Direct throw,,,,,,,,,,,,,,,,,,manual,,,,,38”,,,
KM 70/30 C Bp,KE15172180,default,simple,105 lbs,KM 70/30 C Bp,18.8” inches,1.517-218.0,Equipment,Floor Care & General Equipment,For Your Home,"4, 27",Sweepers,,,,,,,,,,,,,,,,,,,,,,,,,http://youtu.be/6fi911SYfu4,,,,1,1,1,0,0,0,0,0,0,0,0,1,1,1,0,https://drive.google.com/file/d/0B1jYJotztiSgSGZGLTZVdkxKVXc/edit?usp=sharing,,,,,,,,,,,,,,,,,,,,,,,,"$2,512.61",,,1000,1,1,4,KM 70-30.jpg,KM 70-30.jpg,KM 70-30.jpg,KM 70-30 Controls.jpg;KM 70-30 Filter.jpg;KM 70-30 Compacted.jpg;KM 70-30 Brick Surface.jpg;KM 70-30 Awards.jpg;KM 70-30 Exterior Grocery.jpg,Walk-Behind Vacuum Sweeper,48.8” x 28” x 45.2”,,,,,,"30,000 ft2 / hr",,,,,,,,,,,,,11 gallon / 1.5 cubic ft,,,,,,,,12 hr,,,,3.5 hr,,,,,,,,,,,,,,,Battery,,,,,28”,,,
KM 75/40 W Bp,KE98407390,default,simple,172 lbs without batteries,KM 75/40 W Bp,"30"" inches",9.840-739.0,Equipment,Floor Care & General Equipment,,"5, 20",Sweepers,,,,,,,,,,,,,,,,,,,,,,,,,http://youtu.be/f1qgsByhIRE,,,,1,1,1,0,0,0,0,0,0,0,0,1,1,1,0,https://drive.google.com/file/d/0B1jYJotztiSgQXdCcWE3QVJtU1U/edit?usp=sharing,,,,,,,,,,,,,,,,,,,,,,,,"$5,311.23",,,1000,1,1,4,KM 75-40 W Main.jpg,KM 75-40 W Main.jpg,KM 75-40 W Main.jpg,KM 75-40 W Controls.jpg;KM 75-40 W Bottom View.jpg;KM 75-40 W Brush Change.jpg;KM 75-40 W Filter.jpg;KM 75-40 W Indoor Use.jpg,Walk-Behind Vacuum Sweeper,56” x 30” x 46.5”,,,,,,"36,328 ft2 / hr",,,,,2.8 mph,,,,,,,,10.5 gallon / 1.4 cubic ft,,,,,,,12%,,,,,,2 x 12 V 70 ah AGM batteries,,,,,,,,,,,,,,DC motor,,,,,,,,
KM 90/60 R Bp Adv,KE98412460,default,simple,782 lbs.,KM 90/60 R Bp Adv,"36"" inches",9.841-246.0,Equipment,Floor Care & General Equipment,,"5, 20",Sweepers,,,,,,,,,,,,,,,,,,,,,,,,,http://youtu.be/f1qgsByhIRE,,,,1,1,1,0,0,0,0,0,0,0,0,1,1,1,0,https://drive.google.com/file/d/0B1jYJotztiSgUUs5T1dENkxKR00/edit?usp=sharing,,,,,,,,,,,,,,,,,,,,,,,,"$14,579.00",,,1000,1,1,4,KM 90-60 R Bp Adv Main.jpg,KM 90-60 R Bp Adv Main.jpg,KM 90-60 R Bp Adv Main.jpg,KM 90-60 R Bp Adv Loaded.jpg;KM 90-60 R Bp Adv Controls.jpg;KM 90-60 R Bp Adv Top.jpg;KM 90-60 R Bp Adv Tact.jpg;KM 90-60 R Bp Adv Top (1).jpg,Ride-On Vacuum Sweeper,64.3” x 38.6” x 49.6”,,,,,,"58,125 ft2 / hr (5,400 m2 / hr)",,,,,3.72 mph,,,,,,,,15.85 gallons,,,,,,,12%,,Overthrow,,,,,,,,,,,,,,,,,,DC motor,,,,,,,,
KM 90/60 R Bp Adv With Two Side Brushes (BRUSH NOT SHOWN IN IMAGES),KE98412470,default,simple,805 lbs.,KM 90/60 R Bp Adv With Two Side Brushes (BRUSH NOT SHOWN IN IMAGES),"45"" inches",9.841-247.0,Equipment,Floor Care & General Equipment,,"5, 20",Sweepers,,,,,,,,,,,,,,,,,,,,,,,,,http://youtu.be/f1qgsByhIRE,,,,1,1,1,0,0,0,0,0,0,0,0,1,1,1,0,https://drive.google.com/file/d/0B1jYJotztiSgUUs5T1dENkxKR00/edit?usp=sharing,,,,,,,,,,,,,,,,,,,,,,,,"$15,939.00",,,1000,1,1,4,KM 90-60 R Bp Adv Main.jpg,KM 90-60 R Bp Adv Main.jpg,KM 90-60 R Bp Adv Main.jpg,KM 90-60 R Bp Adv Loaded (1).jpg;KM 90-60 R Bp Adv Controls (1).jpg;KM 90-60 R Bp Adv Top (2).jpg;KM 90-60 R Bp Adv Tact (1).jpg;KM 90-60 R Bp Adv Top (3).jpg,Ride-On Vacuum Sweeper,64.3” x 38.6” x 49.6”,,,,,,"74,270 ft2 / hr (6,900 m2 / hr)",,,,,3.72 mph,,,,,,,,15.85 gallons,,,,,,,12%,,Overthrow,,,,,,,,,,,,,,,,,,DC motor,,,,,,,,
CV 300,KE10120590,default,simple,19.6 lbs,CV 300,12” inches,1.012-059.0,Equipment,Floor Care & General Equipment,For Your Home,"4, 28",Vacuums,,,,,,,,,,,,,,,,,,,,,,,,,http://youtu.be/f1qgsByhIRE,,,,1,1,1,0,0,0,0,0,0,0,0,1,1,1,0,https://drive.google.com/file/d/0B1jYJotztiSgNy1GVDBkRGFrX00/edit?usp=sharing,,,,,,,,,,,,,,,,,,,,,,,,$443.25,,,1000,1,1,4,CV 300.jpg,CV 300.jpg,CV 300.jpg,CV Vaccums Base Removal.jpg;CV Vaccums Brush Removal.jpg;CV Vaccums Bag.jpg;CV Vaccums Hotel.jpg,,47” x 12” x 8.5”,,1.4 hp / 1000 W,,,"Triple layer bag, 3.5 liter, top-loading",,2700 rpm,,,,,,69.5 dBA,"40‘, 18/3 SJT",92”,,,,,,102 cfm,,,,,,,,,,,,,,,,,,,,,,,,,,,,,,,,,
CV 380,KE10120600,default,simple,20lbs,CV 380,15” inches,1.012-060.0,Equipment,Floor Care & General Equipment,For Your Home,"4, 28",Vacuums,,,,,,,,,,,,,,,,,,,,,,,,,http://youtu.be/f1qgsByhIRE,,,,1,1,1,0,0,0,0,0,0,0,0,1,1,1,0,https://drive.google.com/file/d/0B1jYJotztiSgNy1GVDBkRGFrX00/edit?usp=sharing,,,,,,,,,,,,,,,,,,,,,,,,$464.36,,,1000,1,1,4,CV 380.jpg,CV 380.jpg,CV 380.jpg,CV Vaccums Base Removal (1).jpg;CV Vaccums Brush Removal (1).jpg;CV Vaccums Bag (1).jpg;CV Vaccums Hotel.jpg,,47” x 12” x 8.5”,,1.4 hp / 1000 W,,,"Triple layer bag, 3.5 liter, top-loading",,2700 rpm,,,,,,69.5 dBA,"40‘, 18/3 SJT",92”,,,,,,102 cfm,,,,,,,,,,,,,,,,,,,,,,,,,,,,,,,,,
BV 11/1,KE98405140,default,simple,11 lbs (5 kg),BV 11/1,,9.840-514.0,Equipment,Floor Care & General Equipment,For Your Home,"4, 28",Vacuums,,,,,,,,,,,,,,,,,,,,,,,,,http://youtu.be/f1qgsByhIRE,,,,1,1,1,0,0,0,0,0,0,0,0,1,1,1,0,https://drive.google.com/file/d/0B1jYJotztiSgdE9OUjFTSmRUWkE/edit?usp=sharing,,,,,,,,,,,,,,,,,,,,,,,,$545.70,,,1000,1,1,4,BV 11-1.jpg,BV 11-1.jpg,BV 11-1.jpg,BV 11 On Back.jpg;BV 11 Tools.jpg,,23.7” x 8.8” x 10.5”,,,,,,,,,,,,,67 dBA,50‘,104”,,,,,,,,,,,,,,,,,,,,5‘ / 1.5”,,,,,,,,,112 cfm (52 l / s),,,,,,,,,,
T 12/1,KE13551270,default,simple,14.5 lbs (6.6 kg),T 12/1,,1.355-127.0,Equipment,Floor Care & General Equipment,For Your Home,"4, 28",Vacuums,,,,,,,,,,,,,,,,,,,,,,,,,http://youtu.be/r0_euedWEng,,,,1,1,1,0,0,0,0,0,0,0,0,1,1,1,0,https://drive.google.com/file/d/0B1jYJotztiSgUE5ZZm5ZdVBEYUE/edit?usp=sharing,,,,,,,,,,,,,,,,,,,,,,,,$447.95,,,1000,1,1,4,T 12-1 Grey.jpg,T 12-1 Grey.jpg,T 12-1 Grey.jpg,T 12-1 Stored.jpg;T 12-1 Bag.jpg;T 12-1 Carpet.jpg;T 12-1 Restaurant Floor.jpg,,16.1” x 12.4” x 13.3”,,,,,,,,,,,,,61 dBA,"40""",98”,,,,,,,,,,,,,,,,,,,,8.2‘ / 1.25”,,,,,,,,,130 cfm,,,,,,,,,,
CV 71/2,KE10125640,default,simple,95 lbs (43 kg),CV 71/2,28” inches,1.012-564.0,Equipment,Floor Care & General Equipment,For Your Home,"4, 28",Vacuums,,,,,,,,,,,,,,,,,,,,,,,,,http://youtu.be/f1qgsByhIRE,,,,1,1,1,0,0,0,0,0,0,0,0,1,1,1,0,https://drive.google.com/file/d/0B1jYJotztiSgbExKQ0hoWFFzalU/edit?usp=sharing,,,,,,,,,,,,,,,,,,,,,,,,"$3,045.24",,,1000,1,1,4,CV 71-2 ANTH.jpg,CV 71-2 ANTH.jpg,CV 71-2 ANTH.jpg,,,59” x 31” x 18”,,2 x 1.1 hp (2 x 800 W),,,,,,,"Two, 1.6” (45 mm) non-marking swivel casters","Two, 10” (254 mm) non-marking wheels",,,,75‘ (23 m) 14/3 SJTW,63”,,,,,,224 com,,,,,,,,,,,,,,,,,,,,,,,,,,,,,,,,,
NT 35/1,KE11848540,default,simple,25.3 lbs,NT 35/1,,1.184-854.0,Equipment,Floor Care & General Equipment,For Your Home,"4, 28",Vacuums,,,,,,,,,,,,,,,,,,,,,,,,,http://youtu.be/5efVD_D57uE,,,,1,1,1,0,0,0,0,0,0,0,0,1,1,1,0,https://drive.google.com/file/d/0B1jYJotztiSgNk5DOTN6cjBwVXM/edit?usp=sharing,,,,,,,,,,,,,,,,,,,,,,,,$654.84,,,1000,1,1,4,NT 35-1.jpg,NT 35-1.jpg,NT 35-1.jpg,NT 35-1 Top Storage.jpg;NT 35-1 Production Line.png,,20.4” x 15” x 22.8”,,8 AMPS,,,,,,,,,,,67 dBA,25',88”,,,,,,120 cfm,,,,,,,,,,,,,,8‘ x 1.37”,,,TACT,,,,,,,,,,9.2 gallon,,,,,,
NT 45/1,KE11458040,default,simple,27.5 lbs,NT 45/1,,1.145-804.0,Equipment,Floor Care & General Equipment,For Your Home,"4, 28",Vacuums,,,,,,,,,,,,,,,,,,,,,,,,,http://youtu.be/5efVD_D57uE,,,,1,1,1,0,0,0,0,0,0,0,0,1,1,1,0,https://drive.google.com/file/d/0B1jYJotztiSgTkZXRURQUnE3d3M/edit?usp=sharing,,,,,,,,,,,,,,,,,,,,,,,,$808.93,,,1000,1,1,4,NT 45-1 WetDryVac.jpg,NT 45-1 WetDryVac.jpg,NT 45-1 WetDryVac.jpg,NT Tact Filter System.jpg,,20.4” x 15” x 27”,,8 AMPS,,,,,,,,,,,67 dBA,25',88”,,,,,,120 cfm,,,,,,,,,,,,,,8‘ x 1.37”,,,TACT,,,,,,,,,,11.9 gallon,,,,,,
NT 65/2 Eco,KE13251040,default,simple,41.9 lbs,NT 65/2 Eco,,1.325-104.0,Equipment,Floor Care & General Equipment,For Your Home,"4, 28",Vacuums,,,,,,,,,,,,,,,,,,,,,,,,,http://youtu.be/f1qgsByhIRE,,,,1,1,1,0,0,0,0,0,0,0,0,1,1,1,0,https://drive.google.com/file/d/0B1jYJotztiSgNGhLQXBsWHZ1TFU/edit?usp=sharing,,,,,,,,,,,,,,,,,,,,,,,,"$1,120.98",,,1000,1,1,4,NT 65-2 Main.jpg,NT 65-2 Main.jpg,NT 65-2 Main.jpg,NT 65-2 Drain Hose.jpg;NT 65-2 Storage.jpg;NT Tact Filter System (1).jpg,,23.6” x 18.9” x 36.2”,,18 AMPS,,,,,,,,,,,74 dBA,33',88”,,,,,,229 cfm,,,,,,,,,,,,,,12‘ x 1.37”,,,Power filter clean,,,,,,,,,,17.2 gallon (65 l),,,,,,
NT 48/1,KE14286230,default,simple,22 lbs,NT 48/1,,1.428-623.0,Equipment,Floor Care & General Equipment,For Your Home,"4, 28",Vacuums,,,,,,,,,,,,,,,,,,,,,,,,,http://youtu.be/f1qgsByhIRE,,,,1,1,1,0,0,0,0,0,0,0,0,1,1,1,0,https://drive.google.com/file/d/0B1jYJotztiSgTVF6N3B6YVNGWnc/edit?usp=sharing,,,,,,,,,,,,,,,,,,,,,,,,$429.24,,,1000,1,1,4,NT 48-1.jpg,NT 48-1.jpg,NT 48-1.jpg,NT 48-1 Drain Hose;jpg;NT 48-1 Accessory Storage.jpg;NT 48-1 Grey.jpg,,19” x 15.4” x 30.3”,,10 AMPS,,,,,,,,,,,66 dBA,25',80”,,,,,,141 cfm,,,,,,,,,,,,,,8‘ x 1.37”,,,Traditional cylindrical,,,,,,,,,,12.6 gallons,,,,,,
NT 68/1,KE10130210,default,simple,64 lbs (29 kg),NT 68/1,,1.013-021.0,Equipment,Floor Care & General Equipment,For Your Home,"4, 28",Vacuums,,,,,,,,,,,,,,,,,,,,,,,,,http://youtu.be/f1qgsByhIRE,,,,1,1,1,0,0,0,0,0,0,0,0,1,1,1,0,https://drive.google.com/file/d/0B1jYJotztiSgMVctODFhZXh4Y2c/edit?usp=sharing,,,,,,,,,,,,,,,,,,,,,,,,$749.35,,,1000,1,1,4,NT 68 Beauty.jpg,NT 68 Beauty.jpg,NT 68 Beauty.jpg,,,35.5” x 24.5” x 37.5”,,10 AMPS,,,,,,,,,,,71 dBA,50‘,80”,,,,,,142 cfm,,,,,,,,,,,,,,8‘ x 1.37”,,,,,,,,,,,,,18 gallon,,,,,,
NT 14/1 Eco Adv,KE15101140,default,simple,33 lbs,NT 14/1 Eco Adv,,1.510-114.0,Equipment,Floor Care & General Equipment,For Your Home,"4, 28",Vacuums,,,,,,,,,,,,,,,,,,,,,,,,,http://youtu.be/f1qgsByhIRE,,,,1,1,1,0,0,0,0,0,0,0,0,1,1,1,0,https://drive.google.com/file/d/0B1jYJotztiSgcUdQQ2gtMi1yc3M/edit?usp=sharing,,,,,,,,,,,,,,,,,,,,,,,,$714.38,,,1000,1,1,4,NT 14-1 Main.jpg,NT 14-1 Main.jpg,NT 14-1 Main.jpg,NT 14-1 Main (1).jpg,,21.5” x 18.5” 16.5”,,,,,,,,,,,,,68 dBA,24 Foot,88.6”,,,,,,129 cfm,,,,,,,,,,,,,,8‘ x 1.37”,,,,,,,,,,,,,3.7 gallon,,,,,,